,Año,Trimestre,Provincia,HASTA 512 kbps,+ 512 Kbps - 1 Mbps,+ 1 Mbps - 6 Mbps,+ 6 Mbps - 10 Mbps,+ 10 Mbps - 20 Mbps,+ 20 Mbps - 30 Mbps,+ 30 Mbps,OTROS,Total
0,2022,3,Buenos Aires,29985,27709,290315,297915,267044,12419,3618689,65821.0,4721668
1,2022,3,Buenos Aires,5170,5742,34371,67829,51946,28692,1253105,105477.0,1547679
2,2022,3,Catamarca,710,3840,3107,5389,5099,3737,50298,2208.0,70293
3,2022,3,Chaco,4610,9870,16782,18938,8049,15828,79390,3711.0,144146
4,2022,3,Chubut,1090,1444,45707,3094,34682,15309,17563,20024.0,165778
5,2022,3,Córdoba,990,11312,153324,111615,70989,27112,650344,13873.0,1038668
6,2022,3,Corrientes,670,3865,23427,23948,7776,21706,56950,7107.0,144846
7,2022,3,Entre Ríos,1070,5549,47210,46855,18263,32021,102195,16759.0,268959
8,2022,3,Formosa,970,3070,23538,19545,6194,5640,17704,5890.0,68538
9,2022,3,Jujuy,580,1879,19135,15254,36083,5190,45895,0.0,118823
10,2022,3,La Pampa,680,1887,61540,9653,11592,5609,22731,3012.0,116092
11,2022,3,La Rioja,180,6890,2842,3375,24219,5331,50390,0.0,86864
12,2022,3,Mendoza,1030,2953,44232,21977,48201,17243,150043,4771.0,289523
13,2022,3,Misiones,510,3749,36628,20758,12676,19615,80330,835.0,182157
14,2022,3,Neuquén,1340,9910,38485,1408,92,67,78713,14858.0,163161
15,2022,3,Río Negro,1110,1221,32936,1786,27934,13629,42596,24271.0,160558
16,2022,3,Salta,1140,149,32923,71199,5662,1001,85661,6491.0,204541
17,2022,3,San Juan,240,2027,30324,11247,22157,678,19221,11619.0,103399
18,2022,3,San Luis,600,3070,6563,20813,12061,67438,13,14815.0,122070
19,2022,3,Santa Cruz,520,6841,12342,11313,11378,2333,4604,6470.0,49510
20,2022,3,Santa Fe,4680,11132,132709,198588,70897,57455,396352,20209.0,887810
21,2022,3,Santiago Del Estero,1780,1384,28357,58982,16087,9100,12342,7920.0,119032
22,2022,3,Tierra Del Fuego,220,8310,12002,14815,20102,1752,1021,3351.0,53896
23,2022,3,Tucumán,390,2047,32571,39018,25214,4348,159600,2800.0,263117
24,2022,2,Buenos Aires,30639,28323,295238,307554,273954,129869,3535757,65849.0,4667183
25,2022,2,Buenos Aires,5170,598,36036,72434,55372,31571,1229254,105607.0,1536771
26,2022,2,Catamarca,710,4130,3678,6155,7165,3393,43926,2207.0,67008
27,2022,2,Chaco,4610,1047,17603,20109,8391,15974,76271,3708.0,143564
28,2022,2,Chubut,1090,1444,45804,31217,3429,14526,15394,20021.0,162805
29,2022,2,Córdoba,990,11971,160486,120485,71923,28645,619400,13426.0,1026435
30,2022,2,Corrientes,670,3937,24253,24842,8001,21719,55071,7107.0,144997
31,2022,2,Entre Ríos,1070,5656,48637,48557,18512,32355,98769,16759.0,269352
32,2022,2,Formosa,970,4070,23834,19706,633,5910,16326,5900.0,67881
33,2022,2,Jujuy,580,1829,19458,1579,37786,5490,37391,2453.0,115314
34,2022,2,La Pampa,680,1887,62546,9842,118,5247,17125,3012.0,111527
35,2022,2,La Rioja,180,7280,3179,389,23814,5481,48920,0.0,86030
36,2022,2,Mendoza,1030,2954,44961,22557,64138,19543,121366,394.0,279562
37,2022,2,Misiones,510,3808,37254,21712,12774,19757,75107,835.0,178813
38,2022,2,Neuquén,1340,9990,38826,15066,9205,2039,76982,18717.0,161968
39,2022,2,Río Negro,1110,1227,33364,17938,27168,13714,41972,2427.0,159764
40,2022,2,Salta,1140,153,33732,72661,6012,1156,81478,6494.0,203177
41,2022,2,San Juan,240,2027,30385,11276,24649,3728,16701,11617.0,100407
42,2022,2,San Luis,600,3060,6840,21217,11052,67438,13,14815.0,121741
43,2022,2,Santa Cruz,520,6841,12348,11369,11885,2454,3592,6440.0,49185
44,2022,2,Santa Fe,4680,11757,138534,204381,74133,58114,373888,17584.0,878859
45,2022,2,Santiago Del Estero,1780,1401,29581,59931,14606,8830,10672,7920.0,118044
46,2022,2,Tierra Del Fuego,220,8310,12052,14828,19968,1712,1006,3351.0,53770
47,2022,2,Tucumán,390,2195,34461,43513,23634,4863,145541,2810.0,254527
48,2022,1,Buenos Aires,31591,30056,313382,321756,290127,161183,3381049,2628.0,4555424
49,2022,1,Buenos Aires,5270,5575,39918,7739,61053,43289,1188072,1717.0,1417541
50,2022,1,Catamarca,710,4560,4386,7009,8773,3761,35715,2207.0,62378
51,2022,1,Chaco,4610,1099,16888,21235,20898,13012,62946,758.0,144119
52,2022,1,Chubut,1130,1677,61369,31856,3308,13871,14055,15607.0,171628
53,2022,1,Córdoba,1000,12782,165922,126009,73967,34892,577027,13104.0,1003803
54,2022,1,Corrientes,670,4029,24563,25665,27077,10452,43631,7094.0,142578
55,2022,1,Entre Ríos,1070,5745,50075,4962,42294,21578,81757,1675.0,267926
56,2022,1,Formosa,970,4480,24113,6945,6613,7160,15028,5880.0,54548
57,2022,1,Jujuy,580,1761,22141,16321,37923,5760,35287,2442.0,116509
58,2022,1,La Pampa,3010,2223,62812,9869,12044,525,14400,2833.0,109732
59,2022,1,La Rioja,180,7780,3576,4692,23624,5645,45970,0.0,84303
60,2022,1,Mendoza,1140,3355,51230,26407,74178,21566,95048,3287.0,275185
61,2022,1,Misiones,510,3873,35655,22261,26855,15854,58610,8349.0,171508
62,2022,1,Neuquén,1370,1123,39856,15623,11163,2654,71238,7885.0,149679
63,2022,1,Río Negro,1160,1383,35565,18859,26926,14144,37729,22652.0,157374
64,2022,1,Salta,1140,1725,35576,68246,6313,2214,76838,6489.0,197515
65,2022,1,San Juan,260,2269,32356,11914,25144,2088,11916,2465.0,88178
66,2022,1,San Luis,610,6430,8287,3837,9802,68612,13,28589.0,119844
67,2022,1,Santa Cruz,510,6898,12710,11502,12277,2628,2551,4850.0,49102
68,2022,1,Santa Fe,4680,12435,143796,208361,84787,58018,344170,18444.0,870479
69,2022,1,Santiago Del Estero,1780,1401,30220,6117,13542,8490,8309,7920.0,116461
70,2022,1,Tierra Del Fuego,240,8940,12849,1564,18034,1767,982,2421.0,52611
71,2022,1,Tucumán,390,2212,36028,46961,21014,5211,133846,2730.0,245584
72,2021,4,Buenos Aires,37821,11026,352950,331292,297296,196021,3259793,22958.0,4509157
73,2021,4,Buenos Aires,5630,1695,47133,81899,66135,66755,1147939,0.0,1412119
74,2021,4,Catamarca,710,0,6038,7855,9804,3262,29827,2233.0,59090
75,2021,4,Chaco,4610,1120,18845,22678,21937,13692,58435,7585.0,143745
76,2021,4,Chubut,1260,1294,63698,39568,31175,578,2904,15763.0,160308
77,2021,4,Córdoba,1000,2479,184548,130892,76246,41198,538700,12607.0,986770
78,2021,4,Corrientes,670,6450,28830,26368,22922,10087,39911,7082.0,135912
79,2021,4,Entre Ríos,1070,3024,56043,49636,38295,24068,77290,16583.0,265046
80,2021,4,Formosa,840,0,22908,6983,6811,1135,13775,1967.0,53663
81,2021,4,Jujuy,580,1750,22446,16793,38134,5640,33421,2324.0,113915
82,2021,4,La Pampa,3010,4930,64840,9082,12259,4821,12184,3027.0,107007
83,2021,4,La Rioja,180,10,5018,5437,23559,5671,43424,0.0,83128
84,2021,4,Mendoza,1560,1463,66428,30308,75214,18621,75031,3660.0,267587
85,2021,4,Misiones,510,50,41916,23554,26721,15954,54596,8335.0,171132
86,2021,4,Neuquén,1400,9400,42313,13264,10515,331,69217,7767.0,147466
87,2021,4,Río Negro,1560,1174,38373,19878,31255,413,36142,22645.0,153753
88,2021,4,Salta,1140,200,40673,69324,6642,3535,72622,6475.0,199405
89,2021,4,San Juan,440,1442,28906,10955,23978,3980,9800,4435.0,79958
90,2021,4,San Luis,620,2640,8550,4276,9107,67363,9,29218.0,118849
91,2021,4,Santa Cruz,520,2970,20305,11641,13054,177,876,4910.0,48486
92,2021,4,Santa Fe,4670,5810,169706,206856,8569,62349,322015,18777.0,866441
93,2021,4,Santiago Del Estero,1780,9090,31915,61524,12205,8000,7537,7930.0,115861
94,2021,4,Tierra Del Fuego,260,3850,13505,16534,16562,1748,1017,258.0,52357
95,2021,4,Tucumán,390,970,37321,48736,21023,5326,125857,2400.0,238639
96,2021,3,Buenos Aires,37193,31149,1108940,248153,141383,192797,2482266,9728.0,4251609
97,2021,3,Buenos Aires,2950,6030,156978,67013,39785,73502,1075229,0.0,1413405
98,2021,3,Catamarca,710,0,6755,8428,10517,1659,26618,2206.0,56254
99,2021,3,Chaco,3010,1120,22545,20986,23852,14412,49705,7958.0,139871
100,2021,3,Chubut,1040,1050,89168,26281,18538,532,1643,14907.0,156066
101,2021,3,Córdoba,990,2452,204989,141285,6505,47198,476459,9256.0,946788
102,2021,3,Corrientes,670,6450,29629,28478,24792,9687,35468,5053.0,133819
103,2021,3,Entre Ríos,1070,3024,61354,59776,39114,16284,67961,12755.0,260375
104,2021,3,Formosa,3810,0,22778,7142,6978,1192,12707,1617.0,52795
105,2021,3,Jujuy,480,1750,23884,16417,37755,5610,29917,2401.0,111158
106,2021,3,La Pampa,2980,3130,65063,7395,8737,4023,10506,4152.0,100487
107,2021,3,La Rioja,180,10,5366,5979,23315,4868,42613,0.0,82160
108,2021,3,Mendoza,360,310,151871,1264,62628,7596,21087,500.0,255939
109,2021,3,Misiones,510,50,41932,25099,26079,14792,42291,8279.0,158528
110,2021,3,Neuquén,1120,3270,57441,8566,6234,3631,57919,5579.0,139809
111,2021,3,Río Negro,1250,5570,68991,373,1488,2282,34011,20009.0,144585
112,2021,3,Salta,1010,200,41431,70104,6962,3878,67010,6327.0,195833
113,2021,3,San Juan,180,3330,59873,7520,1325,3380,278,4641.0,79483
114,2021,3,San Luis,600,0,11552,2405,6491,67942,22,29392.0,117864
115,2021,3,Santa Cruz,500,0,30561,8365,6799,1788,678,7350.0,48976
116,2021,3,Santa Fe,4670,5790,193207,20125,83941,5508,290793,16267.0,841584
117,2021,3,Santiago Del Estero,1230,9090,32752,61838,11274,8010,6863,8980.0,115458
118,2021,3,Tierra Del Fuego,170,0,23723,13397,9782,1433,976,8950.0,50223
119,2021,3,Tucumán,320,970,39446,50293,21986,53,115154,1640.0,232472
120,2021,2,Buenos Aires,37192,31178,1096049,244001,140322,236897,2337604,9108.0,4132351
121,2021,2,Buenos Aires,2940,6030,157558,73568,43859,86655,1037752,660.0,1400355
122,2021,2,Catamarca,710,0,7219,9091,6828,4941,25388,2206.0,55744
123,2021,2,Chaco,3010,1120,23444,21574,24032,16069,47239,7958.0,140729
124,2021,2,Chubut,1040,1050,89639,22605,16604,3896,1112,5172.0,139237
125,2021,2,Córdoba,990,2452,201757,136516,6695,70824,442357,9925.0,930880
126,2021,2,Corrientes,670,6450,29419,27037,24524,10059,32697,5053.0,129501
127,2021,2,Entre Ríos,1070,3024,63518,55349,39468,18484,61605,16077.0,257632
128,2021,2,Formosa,3810,0,22364,731,746,1341,11077,1618.0,51551
129,2021,2,Jujuy,480,1750,24182,16577,37908,6070,29950,2401.0,111848
130,2021,2,La Pampa,2980,5540,64146,7769,8128,3399,9311,4062.0,97667
131,2021,2,La Rioja,180,10,5312,5971,23298,4825,42158,190.0,81602
132,2021,2,Mendoza,360,310,137462,10886,56117,4403,20686,500.0,229671
133,2021,2,Misiones,510,50,41643,25907,25811,16172,38308,8279.0,156176
134,2021,2,Neuquén,1120,3270,57713,8631,5871,5943,54008,5645.0,138250
135,2021,2,Río Negro,1250,5570,69356,3663,15019,3867,31488,20009.0,144084
136,2021,2,Salta,1010,200,42543,67012,7099,9654,58882,6328.0,191639
137,2021,2,San Juan,180,3330,59989,7840,1255,3400,278,4641.0,78933
138,2021,2,San Luis,600,0,11752,2703,5418,65946,22,36917.0,122818
139,2021,2,Santa Cruz,500,0,30595,8463,6888,1575,676,7350.0,48982
140,2021,2,Santa Fe,4670,8960,202018,204077,80452,75195,262124,15371.0,840600
141,2021,2,Santiago Del Estero,1230,9090,32034,62224,10359,8110,6064,1566.0,114090
142,2021,2,Tierra Del Fuego,170,0,21335,6913,458,4760,889,1483.0,35693
143,2021,2,Tucumán,320,970,40224,51648,23732,5022,109616,268.0,233051
144,2021,1,Buenos Aires,36939,31187,1108368,24052,163747,222061,2246313,10867.0,4060002
145,2021,1,Buenos Aires,1350,2440,159662,76753,56457,83255,1003041,1260.0,1379673
146,2021,1,Catamarca,710,0,7423,8455,10115,7120,22996,2196.0,51968
147,2021,1,Chaco,3010,1120,24357,22102,27556,14496,42462,8384.0,139770
148,2021,1,Chubut,1060,1090,86986,21401,15392,2844,1112,439.0,132340
149,2021,1,Córdoba,930,2386,211799,135092,74659,71984,402191,12677.0,910881
150,2021,1,Corrientes,670,5270,31544,26223,26169,9001,27641,5453.0,126625
151,2021,1,Entre Ríos,1050,2911,67255,5606,42432,15774,54600,12826.0,251963
152,2021,1,Formosa,560,0,22409,7569,7916,1215,9579,1942.0,50686
153,2021,1,Jujuy,490,1750,23735,17293,40649,5680,25609,2378.0,110456
154,2021,1,La Pampa,2980,5540,68200,7864,7611,2786,7368,2424.0,97105
155,2021,1,La Rioja,180,10,36749,5968,4604,2150,5074,-10.0,52628
156,2021,1,Mendoza,280,400,134386,11216,52533,4061,16615,440.0,218923
157,2021,1,Misiones,510,5240,40949,25503,27101,1405,32953,8256.0,149387
158,2021,1,Neuquén,1160,3270,56171,8443,5903,5677,50840,5758.0,133235
159,2021,1,Río Negro,1250,4660,70011,4187,13045,3642,29589,20103.0,141168
160,2021,1,Salta,1090,200,40785,68149,9164,8139,54889,6319.0,187574
161,2021,1,San Juan,250,1940,60439,8580,11494,3400,276,4641.0,78267
162,2021,1,San Luis,580,0,11889,2926,4429,62913,22,36917.0,119154
163,2021,1,Santa Cruz,500,0,30655,8334,6987,1337,647,-1945.0,46065
164,2021,1,Santa Fe,5180,8910,201632,204458,91846,65476,236924,24382.0,826127
165,2021,1,Santiago Del Estero,1230,9090,33884,58464,8549,7000,4868,4144.0,111641
166,2021,1,Tierra Del Fuego,170,0,21379,1468,4317,4860,919,11836.0,40422
167,2021,1,Tucumán,290,970,42810,53416,25255,4188,103437,268.0,231912
168,2020,4,Buenos Aires,36939,31197,1109865,242243,214171,213588,2176242,9016.0,4033261
169,2020,4,Buenos Aires,1350,2440,160210,78123,60208,80269,1000073,2680.0,1379530
170,2020,4,Catamarca,710,0,8843,874,11436,5910,20406,2309.0,52396
171,2020,4,Chaco,3010,1120,24782,22479,26802,15701,40949,7965.0,139091
172,2020,4,Chubut,1060,1090,88157,21824,12046,2818,1112,4402.0,130574
173,2020,4,Córdoba,1190,2386,214963,135262,82221,70013,384169,13568.0,902701
174,2020,4,Corrientes,670,5270,31900,26321,25687,9383,26789,4985.0,125659
175,2020,4,Entre Ríos,1050,2911,65659,53556,40755,166,53141,14654.0,247381
176,2020,4,Formosa,560,0,23540,7606,7181,1197,8946,168.0,50206
177,2020,4,Jujuy,490,1820,23772,14379,4493,4460,19282,2811.0,105851
178,2020,4,La Pampa,2980,5540,70184,8124,6562,2396,6257,252.0,96895
179,2020,4,La Rioja,180,10,36906,606,4633,1810,4979,0.0,52778
180,2020,4,Mendoza,280,400,146312,11172,40396,3378,11557,257.0,215453
181,2020,4,Misiones,510,5240,39988,26078,26445,1481,32264,7001.0,147161
182,2020,4,Neuquén,1160,3270,56434,8478,5791,5493,50776,572.0,133135
183,2020,4,Río Negro,1250,4660,70305,4153,13131,3512,29372,20146.0,141210
184,2020,4,Salta,1090,5140,41443,68829,15188,8291,46697,6319.0,187390
185,2020,4,San Juan,250,1940,61316,7400,5126,3320,275,4588.0,72596
186,2020,4,San Luis,580,0,14020,349,2688,62239,22,36918.0,119435
187,2020,4,Santa Cruz,470,0,27173,4382,6634,1033,647,7580.0,40674
188,2020,4,Santa Fe,5180,8910,206372,203793,94246,65145,226246,23602.0,820813
189,2020,4,Santiago Del Estero,1230,9090,34518,5759,4666,4110,4520,3932.0,106669
190,2020,4,Tierra Del Fuego,170,0,21881,6119,3497,4880,922,669.0,39614
191,2020,4,Tucumán,290,970,44095,54334,32155,4105,93594,268.0,231089
192,2020,3,Buenos Aires,37542,31514,1113823,23471,219772,194248,2085815,19853.0,3937277
193,2020,3,Buenos Aires,2640,3120,162222,85083,68753,78028,977766,2470.0,1372675
194,2020,3,Catamarca,630,0,8276,8768,11195,5620,18886,2154.0,49904
195,2020,3,Chaco,3080,1120,24675,21639,27546,13751,38729,7194.0,133954
196,2020,3,Chubut,1580,1090,87559,22114,12217,2818,1110,3942.0,130027
197,2020,3,Córdoba,1680,3064,218599,124833,84236,63823,361021,11728.0,867472
198,2020,3,Corrientes,720,5270,35190,23315,25308,8615,25344,502.0,123391
199,2020,3,Entre Ríos,1300,2911,66648,51478,40797,14377,49395,15759.0,241495
200,2020,3,Formosa,3910,1510,23163,7432,7125,9910,8219,1737.0,49209
201,2020,3,Jujuy,550,1820,32131,10566,45198,2930,15238,3065.0,106728
202,2020,3,La Pampa,2930,8100,66695,782,5577,2189,6322,4029.0,93735
203,2020,3,La Rioja,210,10,37105,5955,466,1240,4748,20.0,52616
204,2020,3,Mendoza,580,400,141404,12123,42433,3448,8237,450.0,207788
205,2020,3,Misiones,710,5240,39005,24215,25942,13663,30987,8779.0,143186
206,2020,3,Neuquén,2180,3270,60463,6561,5975,5449,49439,8030.0,129235
207,2020,3,Río Negro,1140,4660,68986,3769,7096,3455,28488,19093.0,131467
208,2020,3,Salta,1290,5140,32780,64736,1599,7928,43773,14996.0,180846
209,2020,3,San Juan,480,1940,65526,7110,6529,410,128,415.0,77327
210,2020,3,San Luis,1050,0,12199,3351,2666,61319,8,36917.0,116565
211,2020,3,Santa Cruz,660,0,26888,4015,673,6290,120,8330.0,39281
212,2020,3,Santa Fe,5680,1241,213353,199381,92095,58797,210562,27001.0,802998
213,2020,3,Santiago Del Estero,1330,9090,33287,57418,4658,2920,3994,4801.0,105492
214,2020,3,Tierra Del Fuego,110,0,22094,5414,3726,4810,937,6992.0,39655
215,2020,3,Tucumán,520,970,45913,5461,33126,3246,84195,2637.0,223876
216,2020,2,Buenos Aires,37542,31606,1129236,241336,233132,188995,1894466,21233.0,3777546
217,2020,2,Buenos Aires,2640,3120,166474,94585,79858,8016,935481,6870.0,1357821
218,2020,2,Catamarca,630,0,8801,869,10242,4260,16578,3176.0,47976
219,2020,2,Chaco,3080,9280,24350,2114,29044,12082,33311,6969.0,128132
220,2020,2,Chubut,1580,1090,69578,22188,10537,1473,614,3999.0,108656
221,2020,2,Córdoba,1680,4383,219025,125932,8953,63216,325243,8971.0,836468
222,2020,2,Corrientes,720,5270,34242,22845,25844,7898,22418,502.0,118866
223,2020,2,Entre Ríos,1300,3679,66758,5064,4209,12856,43391,14569.0,234113
224,2020,2,Formosa,3910,1510,23534,7109,6998,9610,7475,1313.0,47932
225,2020,2,Jujuy,550,1820,30548,10519,26829,2090,9417,16557.0,94316
226,2020,2,La Pampa,2930,8100,71218,7531,38,1657,3377,1123.0,89809
227,2020,2,La Rioja,210,10,37375,5661,4686,730,4336,20.0,52155
228,2020,2,Mendoza,580,400,142253,12439,35274,3248,5422,245.0,201184
229,2020,2,Misiones,710,5240,39867,23719,26445,12305,28763,8646.0,140340
230,2020,2,Neuquén,2180,3270,61171,6103,6625,5296,46432,0.0,126172
231,2020,2,Río Negro,1140,4660,70817,3335,7498,3246,26953,17057.0,129486
232,2020,2,Salta,1290,5140,41801,64463,16989,7741,39594,6531.0,177762
233,2020,2,San Juan,480,1940,59113,9170,4908,400,127,443.0,69777
234,2020,2,San Luis,1050,0,11439,3585,1934,60889,8,35992.0,113952
235,2020,2,Santa Cruz,660,0,26938,4166,6541,5460,119,4930.0,38869
236,2020,2,Santa Fe,5680,2061,213054,198772,96575,57236,189473,20193.0,777932
237,2020,2,Santiago Del Estero,1330,1779,32557,57709,5178,2470,3328,4516.0,105447
238,2020,2,Tierra Del Fuego,110,0,22325,5186,3034,3910,796,7446.0,39189
239,2020,2,Tucumán,520,970,49028,54537,34184,2246,74377,2635.0,217156
240,2020,1,Buenos Aires,38215,36802,1122034,236421,247977,20578,1802583,28935.0,3718747
241,2020,1,Buenos Aires,2640,3120,169651,102254,89665,85899,906009,0.0,1354054
242,2020,1,Catamarca,630,0,8838,7543,9558,4080,10299,2151.0,38860
243,2020,1,Chaco,3080,9280,23291,19976,29851,10416,28539,6917.0,120226
244,2020,1,Chubut,1580,1090,69586,12957,7756,124,614,45.0,96920
245,2020,1,Córdoba,1420,5128,217229,120188,95827,65733,296875,9802.0,810924
246,2020,1,Corrientes,720,5270,33479,21382,26679,7351,19467,478.0,113737
247,2020,1,Entre Ríos,1300,4081,72280,47132,41125,11988,39794,13762.0,230292
248,2020,1,Formosa,1127,3420,23761,65,6564,9640,6918,1000.0,46276
249,2020,1,Jujuy,550,1820,33120,9979,26693,1660,7349,16545.0,94089
250,2020,1,La Pampa,2930,8110,72740,7199,3029,1342,2113,1618.0,89145
251,2020,1,La Rioja,210,10,37209,5158,464,220,1294,0.0,48345
252,2020,1,Mendoza,580,400,140410,12285,17489,286,3818,0.0,176960
253,2020,1,Misiones,710,5240,36622,21271,26433,11581,26313,10885.0,133700
254,2020,1,Neuquén,2180,3270,60152,5257,7123,5399,43738,0.0,122214
255,2020,1,Río Negro,1140,4660,69154,293,7857,3199,25488,17719.0,126927
256,2020,1,Salta,1290,5140,38537,63714,17991,8625,34744,6441.0,170695
257,2020,1,San Juan,480,1940,59787,1594,1292,400,127,4779.0,67861
258,2020,1,San Luis,1050,0,11322,4164,5250,58258,5,36075.0,110454
259,2020,1,Santa Cruz,670,110,27447,4993,5169,5290,119,0.0,38335
260,2020,1,Santa Fe,6960,2994,217553,196826,10456,48448,173823,17656.0,762556
261,2020,1,Santiago Del Estero,1330,1779,33086,56884,3737,1350,2799,4501.0,103054
262,2020,1,Tierra Del Fuego,110,10,22976,5024,1834,1960,518,7046.0,37606
263,2020,1,Tucumán,520,970,49555,50383,31096,173,67536,0.0,200449
264,2019,4,Buenos Aires,33489,27537,1177446,262297,247106,45257,1465133,20676.0,3686254
265,2019,4,Buenos Aires,3070,150,177098,110218,110852,20581,753805,0.0,1358105
266,2019,4,Catamarca,630,0,9945,7619,9305,8040,7477,3098.0,38311
267,2019,4,Chaco,830,0,25899,18959,30902,13516,21556,6988.0,117903
268,2019,4,Chubut,1580,40,69405,12945,7615,124,614,4121.0,96102
269,2019,4,Córdoba,1420,0,232781,118232,10933,114111,221742,1035.0,806688
270,2019,4,Corrientes,720,0,35055,2062,27367,9981,15744,4995.0,113834
271,2019,4,Entre Ríos,470,0,88203,44511,42962,18976,30153,14178.0,239030
272,2019,4,Formosa,1127,1910,24606,6319,6788,1766,5671,2430.0,46711
273,2019,4,Jujuy,550,0,32920,9632,26764,1020,5286,14122.0,88881
274,2019,4,La Pampa,2930,3130,76747,69,1951,1287,1342,1566.0,90399
275,2019,4,La Rioja,210,0,37846,5045,4763,220,1305,0.0,49002
276,2019,4,Mendoza,7460,90,145139,12955,15237,2165,2628,6901.0,185780
277,2019,4,Misiones,710,0,39664,2084,27305,15626,20799,11508.0,135813
278,2019,4,Neuquén,2180,10,57370,4439,7357,12059,35001,0.0,116445
279,2019,4,Río Negro,1140,0,71847,2797,8558,6968,19837,17019.0,127140
280,2019,4,Salta,1490,10,42159,67656,15369,1417,25821,712.0,172445
281,2019,4,San Juan,480,10,60626,1594,1292,400,127,1246.0,64974
282,2019,4,San Luis,1050,0,11901,4164,5250,55216,3,36287.0,108201
283,2019,4,Santa Cruz,670,0,32368,4346,2224,70,8,3500.0,39370
284,2019,4,Santa Fe,6980,0,230234,190664,113527,70998,135576,27472.0,769169
285,2019,4,Santiago Del Estero,1330,9080,34911,56309,3756,1050,2449,5017.0,103588
286,2019,4,Tierra Del Fuego,110,0,23593,505,1848,1390,1962,7789.0,40392
287,2019,4,Tucumán,550,0,54544,52017,28916,6405,56707,0.0,198644
288,2019,3,Buenos Aires,23892,44648,1432722,222812,260506,483572,1246209,42294.0,3971683
289,2019,3,Buenos Aires,1040,3680,269704,120924,138011,258591,655108,0.0,1442810
290,2019,3,Catamarca,340,430,14449,9285,6333,720,15,2151.0,32382
291,2019,3,Chaco,690,1216,32764,28198,13336,12987,16740,6917.0,112227
292,2019,3,Chubut,740,8400,62680,13033,7171,124,614,45.0,90152
293,2019,3,Córdoba,830,5824,240151,106651,118486,146247,157546,7353.0,782341
294,2019,3,Corrientes,100,5970,42231,29628,10348,10388,12674,478.0,110656
295,2019,3,Entre Ríos,190,4446,99656,56161,17064,21216,22645,15107.0,236314
296,2019,3,Formosa,111,3490,24943,6049,7117,2262,4443,1000.0,46373
297,2019,3,Jujuy,270,8850,31722,924,26835,560,3671,16545.0,88981
298,2019,3,La Pampa,2370,3289,75849,5922,1611,1359,941,1618.0,90826
299,2019,3,La Rioja,90,100,38657,4786,4887,220,1307,0.0,49678
300,2019,3,Mendoza,210,1269,206821,2958,10093,1263,349,0.0,222774
301,2019,3,Misiones,470,1928,43530,29375,11256,16107,16650,12206.0,131099
302,2019,3,Neuquén,450,2258,62909,4586,9597,16923,28458,1220.0,124898
303,2019,3,Río Negro,470,1234,87435,2348,9779,10176,15505,17719.0,144243
304,2019,3,Salta,490,9000,43160,6223,14309,11418,12357,7515.0,151938
305,2019,3,San Juan,220,1710,68315,2245,1267,410,128,4779.0,76968
306,2019,3,San Luis,570,1000,18643,5113,4670,62242,5,36075.0,122702
307,2019,3,Santa Cruz,280,840,31612,4472,1203,270,4,0.0,37430
308,2019,3,Santa Fe,6400,8184,242454,193286,107068,84325,97082,19537.0,752576
309,2019,3,Santiago Del Estero,390,1832,35554,55172,3612,860,1836,34501.0,132632
310,2019,3,Tierra Del Fuego,60,140,32133,4692,1756,820,226,9648.0,48557
311,2019,3,Tucumán,160,1100,71043,47693,24354,8430,20385,0.0,164444
312,2019,2,Buenos Aires,199768,46852,1436259,217785,438663,502275,985767,43438.0,3870807
313,2019,2,Buenos Aires,740,1027,281370,124087,239691,296155,475991,,1418395
314,2019,2,Catamarca,340,430,16631,867,6049,340,10,2151.0,33622
315,2019,2,Chaco,690,1383,38488,26431,16789,15348,9904,1492.0,109904
316,2019,2,Chubut,660,3952,69032,10049,1495,740,165,45.0,89333
317,2019,2,Córdoba,810,8165,248427,100512,157458,170159,76053,8938.0,769793
318,2019,2,Corrientes,100,3012,40424,27774,13114,11928,7119,608.0,109461
319,2019,2,Entre Ríos,180,5905,100687,52316,23196,24221,10664,17206.0,234213
320,2019,2,Formosa,111,3490,26512,5399,8384,2639,2258,1000.0,46751
321,2019,2,Jujuy,270,9400,26233,8441,267,270,2600,21765.0,86733
322,2019,2,La Pampa,2360,3289,75406,5191,1366,1445,629,2661.0,90223
323,2019,2,La Rioja,90,110,39819,4297,4857,130,1298,,50304
324,2019,2,Mendoza,200,2522,205165,2971,10092,1256,234,,222260
325,2019,2,Misiones,470,2226,45769,27385,15408,18882,8129,12206.0,130052
326,2019,2,Neuquén,3020,3038,61776,4688,17318,2121,14132,4220.0,122886
327,2019,2,Río Negro,3840,1354,86366,2201,10291,12407,6907,18519.0,138429
328,2019,2,Salta,490,9740,59638,36923,16961,14059,6461,7585.0,142650
329,2019,2,San Juan,220,2130,60913,2177,7850,70,4,6119.0,70240
330,2019,2,San Luis,570,1020,16575,4964,4670,57236,5,37977.0,117383
331,2019,2,Santa Cruz,250,840,24861,3806,1202,280,4,,30010
332,2019,2,Santa Fe,3210,8427,300124,125176,129741,100131,49865,22323.0,736108
333,2019,2,Santiago Del Estero,390,1832,63268,21362,3741,1080,1205,34501.0,126056
334,2019,2,Tierra Del Fuego,60,1230,41824,4241,1573,960,32,,47895
335,2019,2,Tucumán,160,1570,78891,44296,24291,6280,18394,,166673
336,2019,1,Buenos Aires,162513,72296,1429964,202511,576428,576859,705769,6369.0,3732709
337,2019,1,Buenos Aires,740,7417,283787,131007,330122,365713,283463,0.0,1401583
338,2019,1,Catamarca,340,1708,18761,6443,5606,290,7,2151.0,34739
339,2019,1,Chaco,690,3801,38719,25632,18965,12393,6368,1035.0,106982
340,2019,1,Chubut,660,3938,71077,6571,7870,740,165,0.0,82678
341,2019,1,Córdoba,810,20403,242769,96997,200681,127965,50716,6806.0,746418
342,2019,1,Corrientes,100,647,38402,26562,15498,9688,5029,0.0,101659
343,2019,1,Entre Ríos,180,9217,107013,50068,28957,18146,7619,12142.0,233180
344,2019,1,Formosa,111,3023,23085,5301,9027,2099,1654,0.0,45299
345,2019,1,Jujuy,270,2817,30727,7811,4021,300,1141,37162.0,83736
346,2019,1,La Pampa,2360,8327,70538,4466,1061,1354,405,6980.0,87085
347,2019,1,La Rioja,90,1169,40285,4088,5216,170,869,0.0,51653
348,2019,1,Mendoza,200,1786,205383,2837,5702,1110,140,0.0,215979
349,2019,1,Misiones,470,5946,45266,2589,19111,16552,5167,7654.0,125633
350,2019,1,Neuquén,1328,3055,52360,1781,21452,17135,11026,6105.0,114242
351,2019,1,Río Negro,3840,1583,84845,2037,13615,9567,5076,3719.0,120826
352,2019,1,Salta,490,4232,59244,36473,2291,10861,2242,10.0,136012
353,2019,1,San Juan,220,2290,62380,2660,5200,30,2,5600.0,63982
354,2019,1,San Luis,570,1200,21380,53214,3450,60,2,23577.0,98701
355,2019,1,Santa Cruz,250,1280,21990,2731,7020,260,4,0.0,25606
356,2019,1,Santa Fe,3330,2935,296798,122959,153212,74575,36502,18591.0,732320
357,2019,1,Santiago Del Estero,390,3372,62895,20691,3959,850,494,0.0,91535
358,2019,1,Tierra Del Fuego,60,1310,38851,3623,6410,800,29,0.0,43361
359,2019,1,Tucumán,160,5188,82240,42877,2621,8470,14839,0.0,172217
360,2018,4,Buenos Aires,134673,73761,1422463,194426,577679,949093,265386,19125.0,3636606
361,2018,4,Buenos Aires,740,7388,283281,143309,330496,437662,186810,0.0,1389020
362,2018,4,Catamarca,340,1669,17955,6425,5461,290,7,2003.0,33583
363,2018,4,Chaco,690,3405,36437,25633,18965,12393,6368,0.0,103270
364,2018,4,Chubut,660,3917,66061,6215,5310,6230,165,1144.0,78722
365,2018,4,Córdoba,810,24102,228475,97277,201639,128053,48809,8903.0,737339
366,2018,4,Corrientes,100,6438,37376,26562,15498,9688,5029,0.0,100601
367,2018,4,Entre Ríos,180,8769,94780,50027,29002,18146,7612,13693.0,222047
368,2018,4,Formosa,111,3074,22962,5285,9027,2092,1654,0.0,45204
369,2018,4,Jujuy,270,2803,30727,7811,4021,300,1141,43573.0,90133
370,2018,4,La Pampa,2410,7727,70508,3661,9780,1328,270,9230.0,85636
371,2018,4,La Rioja,90,1164,40285,4088,5216,170,869,30.0,51651
372,2018,4,Mendoza,200,1463,197450,2494,4726,190,132,0.0,206304
373,2018,4,Misiones,470,5981,43267,26019,19226,16566,5167,0.0,116273
374,2018,4,Neuquén,1328,3044,52313,1781,21452,17135,11025,6287.0,114365
375,2018,4,Río Negro,3840,1225,83412,6430,1344,9569,5070,3094.0,116837
376,2018,4,Salta,490,3659,58492,36365,2291,10861,2242,0.0,134578
377,2018,4,San Juan,220,1465,59811,1800,3120,10,1,6060.0,62398
378,2018,4,San Luis,570,1090,19164,53183,1190,620,2,23635.0,96331
379,2018,4,Santa Cruz,250,1150,23107,7790,2060,10,4,5310.0,24768
380,2018,4,Santa Fe,3350,31397,276301,121009,152039,74432,36427,2845.0,720390
381,2018,4,Santiago Del Estero,390,325,61347,20127,3686,770,483,3260.0,89335
382,2018,4,Tierra Del Fuego,60,270,29919,6323,9894,240,67,0.0,46260
383,2018,4,Tucumán,160,5244,82089,42766,26111,8470,14839,920.0,172004
384,2018,3,Buenos Aires,9910,80459,1445733,190805,63609,897964,237248,120464.0,3609754
385,2018,3,Buenos Aires,730,8493,287919,147253,370677,41502,165055,0.0,1394490
386,2018,3,Catamarca,340,1994,18475,6358,532,340,7,2151.0,34373
387,2018,3,Chaco,700,3503,38729,24916,20335,11085,5667,1035.0,105340
388,2018,3,Chubut,670,3951,91096,6162,5310,6230,164,0.0,102594
389,2018,3,Córdoba,810,24767,224471,96372,221984,109333,39854,649.0,723352
390,2018,3,Corrientes,110,6754,38364,24953,16601,8357,4419,0.0,99459
391,2018,3,Entre Ríos,180,9048,96095,45651,31353,15111,6786,0.0,204062
392,2018,3,Formosa,111,3365,22624,5259,9336,1729,1434,0.0,44857
393,2018,3,Jujuy,3450,302,29048,7756,4066,390,623,0.0,44897
394,2018,3,La Pampa,2420,8417,68507,3153,9200,1189,216,6980.0,83342
395,2018,3,La Rioja,90,1291,40647,4138,5425,200,339,0.0,51869
396,2018,3,Mendoza,200,1525,199297,2476,4727,270,129,0.0,208201
397,2018,3,Misiones,480,5749,39617,24747,21212,14674,4547,0.0,110594
398,2018,3,Neuquén,1396,2244,55822,1647,23785,15218,9718,6105.0,115935
399,2018,3,Río Negro,4090,5221,75929,5120,14912,847,4332,3719.0,113504
400,2018,3,Salta,1160,3721,61795,32782,25582,9224,502,0.0,133722
401,2018,3,San Juan,220,1326,62525,1800,3120,30,1,0.0,64369
402,2018,3,San Luis,570,1090,19170,5294,1190,630,2,1902.0,74362
403,2018,3,Santa Cruz,260,1160,32815,7780,2060,10,3,0.0,33945
404,2018,3,Santa Fe,4670,36786,269211,115907,162545,62479,31266,13911.0,692572
405,2018,3,Santiago Del Estero,410,255,60260,19116,3806,640,265,0.0,86102
406,2018,3,Tierra Del Fuego,60,1870,41569,227,2310,240,13,0.0,44300
407,2018,3,Tucumán,160,5993,81559,43282,27062,9410,12187,0.0,171040
408,2018,2,Buenos Aires,1009,81354,1459443,295457,816056,536049,199589,113357.0,3502314
409,2018,2,Buenos Aires,730,9234,290291,219166,445345,264805,142253,0.0,1371167
410,2018,2,Catamarca,340,2414,14624,6112,4347,360,6,65.0,34073
411,2018,2,Chaco,700,2968,34167,24282,21887,9251,4630,1035.0,98290
412,2018,2,Chubut,670,4471,85598,5369,40,50,9,501.0,100533
413,2018,2,Córdoba,810,21779,219630,102596,244291,78852,34950,811.0,710289
414,2018,2,Corrientes,110,7047,38268,24066,17926,678,3862,0.0,97960
415,2018,2,Entre Ríos,180,8179,94459,4457,34281,12012,5920,0.0,199439
416,2018,2,Formosa,111,3568,22409,5176,9727,1313,1243,0.0,44546
417,2018,2,Jujuy,3450,332,29319,8083,3977,440,7,0.0,45095
418,2018,2,La Pampa,2440,8797,68083,2409,9650,9690,179,6980.0,82344
419,2018,2,La Rioja,90,1384,40679,4198,564,200,15,0.0,51945
420,2018,2,Mendoza,200,1658,164596,5150,2660,170,72,33788.0,200932
421,2018,2,Misiones,480,6092,39489,23569,23747,11888,3866,0.0,108699
422,2018,2,Neuquén,1396,2408,56035,1314,26417,12442,8551,6105.0,114668
423,2018,2,Río Negro,4090,5298,75056,5230,1648,6663,3725,3975.0,112129
424,2018,2,Salta,1160,399,61763,33285,28431,7239,182,0.0,135006
425,2018,2,San Juan,220,1378,57591,110,0,30,0,5068.0,64073
426,2018,2,San Luis,570,1010,11992,110,0,70,2,9284.0,21454
427,2018,2,Santa Cruz,260,1200,28600,6550,1000,10,3,4267.0,33772
428,2018,2,Santa Fe,7440,34267,262603,112143,17554,50525,26512,22257.0,684591
429,2018,2,Santiago Del Estero,410,2717,41362,18721,3278,310,31,17589.0,83770
430,2018,2,Tierra Del Fuego,60,1880,40912,2217,750,0,0,1070.0,43505
431,2018,2,Tucumán,160,6735,79899,44968,27059,1084,8784,1305.0,169850
432,2018,1,Buenos Aires,1514,74766,1445752,292732,886678,480237,184203,105818.0,3471700
433,2018,1,Buenos Aires,890,10039,292566,222737,487826,227953,127384,0.0,1368594
434,2018,1,Catamarca,340,2896,14770,6145,3539,410,4,65.0,33929
435,2018,1,Chaco,700,3261,32516,24488,23296,8219,3897,1035.0,96782
436,2018,1,Chubut,670,4314,83161,5358,40,50,9,501.0,97928
437,2018,1,Córdoba,2810,23922,222815,1043,266259,57137,29228,10049.0,713991
438,2018,1,Corrientes,110,5005,37152,24038,19068,589,3256,0.0,94420
439,2018,1,Entre Ríos,180,8861,90080,45599,37401,9818,5071,0.0,196848
440,2018,1,Formosa,111,3803,10092,5117,10061,1091,1046,0.0,32320
441,2018,1,Jujuy,3450,4807,27219,8044,3925,490,4,0.0,44393
442,2018,1,La Pampa,2450,8119,67104,1616,1076,6140,98,3503.0,82375
443,2018,1,La Rioja,90,1485,40680,4217,5831,190,1,0.0,52242
444,2018,1,Mendoza,200,1662,164599,5010,2660,190,72,33788.0,200927
445,2018,1,Misiones,480,47,35820,23291,26223,10241,3219,0.0,103542
446,2018,1,Neuquén,1396,2367,59468,1311,29012,9709,7378,6105.0,116746
447,2018,1,Río Negro,4090,5333,74894,5300,17997,4972,3129,3975.0,111239
448,2018,1,Salta,1160,4459,60334,33088,30771,5145,88,0.0,134001
449,2018,1,San Juan,220,1058,57078,110,0,30,0,5068.0,63240
450,2018,1,San Luis,570,1010,11920,110,0,70,2,9284.0,21382
451,2018,1,Santa Cruz,260,1200,28600,6550,1000,10,3,4267.0,33772
452,2018,1,Santa Fe,1359,33639,262008,108576,1889,39589,22801,23181.0,680053
453,2018,1,Santiago Del Estero,410,291,41298,18914,3449,330,2,17589.0,84236
454,2018,1,Tierra Del Fuego,60,3070,33987,20,0,0,0,1070.0,34409
455,2018,1,Tucumán,160,7472,78811,45675,26405,1218,7082,1305.0,167984
456,2017,4,Buenos Aires,3865,55046,1551194,264645,712513,33514,151747,114182.0,3188332
457,2017,4,Buenos Aires,3140,31411,517018,28404,45812,178396,114939,0.0,1584238
458,2017,4,Catamarca,340,3182,15315,5904,2927,430,2,2151.0,29558
459,2017,4,Chaco,700,3432,37144,24088,20123,729,3289,1035.0,96471
460,2017,4,Chubut,670,4313,83676,5355,70,50,9,0.0,93432
461,2017,4,Córdoba,2910,25411,280837,102892,217602,40898,24251,8429.0,700611
462,2017,4,Corrientes,110,522,41080,23686,16046,5053,2675,0.0,93771
463,2017,4,Entre Ríos,1685,9078,95466,45189,3001,7958,4113,0.0,193499
464,2017,4,Formosa,111,4061,13220,4867,6996,9770,824,0.0,32055
465,2017,4,Jujuy,3450,5364,26566,7721,3507,440,3,0.0,43550
466,2017,4,La Pampa,3100,8729,66053,1227,7920,3910,81,3503.0,81086
467,2017,4,La Rioja,90,1488,40777,4083,5813,220,3,0.0,52195
468,2017,4,Mendoza,260,1656,177646,4380,2780,290,81,0.0,180154
469,2017,4,Misiones,1053,39,41723,23131,22262,9091,2735,0.0,103895
470,2017,4,Neuquén,1396,2372,68036,1325,22781,7528,6300,6105.0,115843
471,2017,4,Río Negro,4090,5598,81078,4850,12502,3447,2440,3719.0,109678
472,2017,4,Salta,6360,4275,73284,32842,18968,3559,84,0.0,133648
473,2017,4,San Juan,220,1062,57525,90,0,20,2,0.0,58622
474,2017,4,San Luis,590,1010,12822,80,0,10,7,1902.0,14900
475,2017,4,Santa Cruz,680,780,29073,6550,1000,10,3,0.0,29978
476,2017,4,Santa Fe,3109,34132,309998,108939,151329,30736,19602,14119.0,671964
477,2017,4,Santiago Del Estero,410,3091,43544,18773,3359,320,2,0.0,68842
478,2017,4,Tierra Del Fuego,60,3100,31334,20,0,0,0,0.0,31652
479,2017,4,Tucumán,1050,8164,78750,45241,24318,1303,4367,0.0,162248
480,2017,3,Buenos Aires,6577,51411,1733479,311652,676137,140812,108400,0.0,3028468
481,2017,3,Buenos Aires,2830,33924,590689,311411,4263,120675,91917,0.0,1575199
482,2017,3,Catamarca,520,3204,15383,5758,2563,500,1,0.0,27011
483,2017,3,Chaco,950,3496,40059,23008,20307,3827,2004,0.0,92796
484,2017,3,Chubut,4360,3989,71843,2336,30,0,0,0.0,78607
485,2017,3,Córdoba,3270,26154,309161,100113,189302,38131,16741,0.0,679929
486,2017,3,Corrientes,240,5629,44305,22785,15576,2635,1607,0.0,92561
487,2017,3,Entre Ríos,1691,7545,98032,42947,29011,3878,2397,0.0,185501
488,2017,3,Formosa,1063,3716,13752,5187,6056,8990,459,0.0,31132
489,2017,3,Jujuy,3370,5723,26835,7369,2962,410,2,0.0,43269
490,2017,3,La Pampa,3430,8244,64794,8550,5880,3270,51,0.0,75202
491,2017,3,La Rioja,160,1497,40882,3899,5604,230,3,0.0,51924
492,2017,3,Mendoza,320,950,158461,1150,670,290,19,0.0,158818
493,2017,3,Misiones,1058,4123,42900,22808,23913,3843,1881,0.0,100526
494,2017,3,Neuquén,2036,1457,72532,1034,20213,7067,4937,0.0,109276
495,2017,3,Río Negro,4220,5641,83900,3060,10116,2965,1659,0.0,105009
496,2017,3,Salta,6450,4494,78830,32433,1462,2315,63,0.0,133400
497,2017,3,San Juan,310,1077,57582,10,0,20,2,0.0,58695
498,2017,3,San Luis,630,30,12325,70,0,10,7,0.0,12406
499,2017,3,Santa Cruz,1880,230,29102,5420,660,330,1,0.0,29955
500,2017,3,Santa Fe,3116,34019,320017,104453,125339,24536,12982,0.0,624462
501,2017,3,Santiago Del Estero,690,3288,40435,18489,3047,300,2,0.0,65360
502,2017,3,Tierra Del Fuego,90,2970,33858,0,0,0,0,0.0,34164
503,2017,3,Tucumán,1090,8948,83070,45302,20514,1361,655,0.0,159959
504,2017,2,Buenos Aires,7548,47472,1910156,299009,573298,93059,46178,0.0,2976720
505,2017,2,Buenos Aires,5560,35663,726223,30497,378571,80234,37977,0.0,1564194
506,2017,2,Catamarca,150,3318,15655,5325,2342,470,1,0.0,26703
507,2017,2,Chaco,1910,3733,42590,22349,18044,3157,545,0.0,90609
508,2017,2,Chubut,4030,4186,73760,188,0,0,0,0.0,80229
509,2017,2,Córdoba,2510,26862,370865,88479,146683,20351,5069,0.0,658560
510,2017,2,Corrientes,150,5912,46483,21776,13043,2218,647,0.0,90094
511,2017,2,Entre Ríos,168,7944,104422,418,23524,2604,823,0.0,182797
512,2017,2,Formosa,1486,3419,14787,4795,4583,7490,139,0.0,29958
513,2017,2,Jujuy,3110,5877,26915,6974,2538,420,1,0.0,42658
514,2017,2,La Pampa,3560,8633,59045,5580,3360,2440,21,0.0,69193
515,2017,2,La Rioja,90,1554,9304,3599,1796,240,2,0.0,16288
516,2017,2,Mendoza,1090,240,177203,920,500,50,22,0.0,177505
517,2017,2,Misiones,1011,4447,47244,22033,21599,2892,570,0.0,99796
518,2017,2,Neuquén,1542,1395,81272,8490,18051,4774,1703,0.0,109586
519,2017,2,Río Negro,9730,5606,88085,2450,799,1921,559,0.0,105379
520,2017,2,Salta,5940,4719,67576,23185,11333,1068,76,0.0,108551
521,2017,2,San Juan,150,1930,58588,0,0,0,4,0.0,58800
522,2017,2,San Luis,80,40,14014,0,0,10,2,0.0,14029
523,2017,2,Santa Cruz,1880,240,30913,5410,660,330,0,0.0,31765
524,2017,2,Santa Fe,4967,38721,311830,92854,97563,16794,4275,0.0,567004
525,2017,2,Santiago Del Estero,260,3539,20384,6432,2802,160,0,0.0,33199
526,2017,2,Tierra Del Fuego,160,2850,35409,0,0,0,0,0.0,35710
527,2017,2,Tucumán,960,9236,83342,42536,17788,1371,21,0.0,154390
528,2017,1,Buenos Aires,6017,83918,2057698,402315,52354,90937,22299,0.0,3186724
529,2017,1,Buenos Aires,5100,1409,678922,218487,277195,66536,19881,0.0,1262940
530,2017,1,Catamarca,150,3328,15861,4901,2161,490,0,0.0,26315
531,2017,1,Chaco,1910,3835,44544,21467,15671,3025,314,0.0,89047
532,2017,1,Chubut,4010,4182,73759,1808,0,0,0,0.0,80150
533,2017,1,Córdoba,500,28732,391556,82011,118643,19035,2071,0.0,642098
534,2017,1,Corrientes,150,604,48149,20586,11468,2044,303,0.0,88605
535,2017,1,Entre Ríos,168,808,108379,39146,20562,2254,317,0.0,180418
536,2017,1,Formosa,1535,3538,15473,4446,4058,6350,22,0.0,29707
537,2017,1,Jujuy,3300,6213,27824,6486,2306,440,0,0.0,43203
538,2017,1,La Pampa,3620,9279,57739,3310,1920,1650,11,0.0,68079
539,2017,1,La Rioja,90,1578,9486,3409,1718,220,2,0.0,16224
540,2017,1,Mendoza,1060,150,177201,860,500,50,22,0.0,177485
541,2017,1,Misiones,101,4665,45950,23847,19356,2627,166,0.0,97621
542,2017,1,Neuquén,1547,1418,83813,9020,1513,4223,458,0.0,107491
543,2017,1,Río Negro,9860,5647,89622,2460,6738,1594,200,0.0,105033
544,2017,1,Salta,5790,4861,70922,21554,9386,2670,74,0.0,107643
545,2017,1,San Juan,80,1920,58588,0,0,0,4,0.0,58792
546,2017,1,San Luis,80,40,14014,0,0,10,2,0.0,14029
547,2017,1,Santa Cruz,1900,230,31078,4740,680,300,0,0.0,31863
548,2017,1,Santa Fe,4966,39463,340418,77152,83008,15775,1831,0.0,562613
549,2017,1,Santiago Del Estero,260,3772,21659,6218,2786,170,0,0.0,34478
550,2017,1,Tierra Del Fuego,160,2850,35409,0,0,0,0,0.0,35710
551,2017,1,Tucumán,960,9682,86470,39155,15951,1383,13,0.0,152750
552,2016,4,Buenos Aires,6055,86281,2085605,403575,467398,72348,17279,0.0,3138541
553,2016,4,Buenos Aires,5170,1477,704324,225723,264582,53506,16756,0.0,1266885
554,2016,4,Catamarca,150,3478,16519,4889,2077,540,0,0.0,27032
555,2016,4,Chaco,1910,3983,45634,21323,14887,2586,250,0.0,88854
556,2016,4,Chubut,4010,4493,73951,1352,0,0,0,0.0,80197
557,2016,4,Córdoba,500,2938,404645,77966,108368,15458,1606,0.0,637473
558,2016,4,Corrientes,150,6109,48995,20187,10908,1645,234,0.0,88093
559,2016,4,Entre Ríos,168,8253,110296,38491,19509,1801,280,0.0,180310
560,2016,4,Formosa,1573,3519,15791,4114,3855,6490,17,0.0,29518
561,2016,4,Jujuy,3030,6225,27778,6143,2134,430,0,0.0,42626
562,2016,4,La Pampa,3680,9789,56694,160,3350,1320,11,0.0,67345
563,2016,4,La Rioja,90,1646,9635,3334,1675,130,3,0.0,16315
564,2016,4,Mendoza,1140,160,177194,790,490,50,20,0.0,177477
565,2016,4,Misiones,101,4783,47454,23433,18371,2215,126,0.0,97392
566,2016,4,Neuquén,1539,1406,84859,7920,14153,3073,271,0.0,106093
567,2016,4,Río Negro,9980,2953,92967,2480,6317,1174,122,0.0,104779
568,2016,4,Salta,5770,5027,71636,20787,8611,2390,70,0.0,106947
569,2016,4,San Juan,80,2200,58608,0,0,0,4,0.0,58840
570,2016,4,San Luis,80,40,14014,0,0,10,2,0.0,14029
571,2016,4,Santa Cruz,1890,230,31369,3420,800,100,0,0.0,32013
572,2016,4,Santa Fe,4966,40102,349722,74401,77667,13155,1529,0.0,561542
573,2016,4,Santiago Del Estero,260,3925,22246,6178,2664,150,0,0.0,35054
574,2016,4,Tierra Del Fuego,160,2850,35409,0,0,0,0,0.0,35710
575,2016,4,Tucumán,960,10021,87994,37721,14389,14,10,0.0,151631
576,2016,3,Buenos Aires,5856,107945,2148475,39353,399116,529,13318,0.0,3121140
577,2016,3,Buenos Aires,3310,9950,759028,208249,240856,38341,13886,0.0,1261686
578,2016,3,Catamarca,150,4038,16183,4845,1853,500,0,0.0,26984
579,2016,3,Chaco,1900,5227,46821,21193,13746,2022,217,0.0,89416
580,2016,3,Chubut,4660,519,74375,6740,0,0,0,0.0,80705
581,2016,3,Córdoba,480,41329,415075,75988,99225,11691,1322,0.0,644678
582,2016,3,Corrientes,150,7425,49471,19956,10006,1263,210,0.0,88346
583,2016,3,Entre Ríos,1768,10657,110844,38665,17737,1307,248,0.0,181226
584,2016,3,Formosa,1723,4277,15581,3964,3658,6480,10,0.0,29861
585,2016,3,Jujuy,2860,6878,27425,5943,1978,310,0,0.0,42541
586,2016,3,La Pampa,3740,10187,55792,150,2240,1140,11,0.0,66717
587,2016,3,La Rioja,90,2349,9686,3316,1562,110,2,0.0,16935
588,2016,3,Mendoza,370,100,178186,730,480,50,17,0.0,178376
589,2016,3,Misiones,101,603,48871,23394,17043,1559,91,0.0,97998
590,2016,3,Neuquén,1531,1527,87404,6800,12541,2118,225,0.0,106026
591,2016,3,Río Negro,1007,6026,90689,2070,5953,7900,99,0.0,104771
592,2016,3,Salta,1107,6922,71214,20229,8099,1970,50,0.0,107818
593,2016,3,San Juan,80,2450,58577,0,0,0,2,0.0,58832
594,2016,3,San Luis,70,40,14077,0,0,10,2,0.0,14091
595,2016,3,Santa Cruz,1890,220,31904,2210,520,90,0,0.0,32397
596,2016,3,Santa Fe,3958,49501,360606,72657,69864,1021,1308,0.0,568104
597,2016,3,Santiago Del Estero,260,5097,22747,6216,2497,90,0,0.0,36592
598,2016,3,Tierra Del Fuego,160,2850,35080,0,0,0,0,0.0,35381
599,2016,3,Tucumán,1270,12247,87970,36518,1315,1288,4,0.0,151304
600,2016,2,Buenos Aires,10786,133385,2250898,335296,334723,31494,11933,0.0,3108515
601,2016,2,Buenos Aires,4352,1736,859039,146091,21301,19597,13477,0.0,1257302
602,2016,2,Catamarca,150,5736,14742,4567,1496,470,1,0.0,26604
603,2016,2,Chaco,1970,8063,45823,20346,1209,1571,201,0.0,88291
604,2016,2,Chubut,5720,5421,73078,7750,0,0,0,0.0,79846
605,2016,2,Córdoba,2580,5705,437547,7198,82618,8355,1242,0.0,659050
606,2016,2,Corrientes,410,10018,47916,192,8851,8030,191,0.0,87020
607,2016,2,Entre Ríos,4734,16368,115000,36917,15522,8490,205,0.0,189595
608,2016,2,Formosa,1675,5401,14370,3569,3218,5930,10,0.0,28836
609,2016,2,Jujuy,2561,8292,25301,5589,175,30,0,0.0,43496
610,2016,2,La Pampa,4290,10616,63928,150,1190,960,11,0.0,75214
611,2016,2,La Rioja,100,3151,9043,319,1344,30,5,0.0,16746
612,2016,2,Mendoza,4370,300,176922,610,440,50,20,0.0,177519
613,2016,2,Misiones,1973,7899,49586,21385,1482,1073,96,0.0,96832
614,2016,2,Neuquén,1916,1691,88854,5830,10241,1285,208,0.0,104778
615,2016,2,Río Negro,1189,6107,92158,1940,4877,5200,86,0.0,105131
616,2016,2,Salta,216,10123,70875,18759,7129,1400,49,0.0,109235
617,2016,2,San Juan,100,2730,57589,0,0,0,4,0.0,57876
618,2016,2,San Luis,120,40,13931,0,0,10,2,0.0,13950
619,2016,2,Santa Cruz,2440,260,31995,1420,200,0,0,0.0,32427
620,2016,2,Santa Fe,9486,67325,374960,68505,60469,6509,1277,0.0,588531
621,2016,2,Santiago Del Estero,7040,6705,22208,5943,2108,10,0,0.0,37669
622,2016,2,Tierra Del Fuego,160,2860,38773,0,0,0,0,0.0,39075
623,2016,2,Tucumán,2310,18515,83945,33891,1131,1032,2,0.0,148926
624,2016,1,Buenos Aires,7351,9788,2214760,289929,247372,8315,9529,0.0,2875136
625,2016,1,Buenos Aires,231,43686,869048,178665,192644,6577,10838,0.0,1303768
626,2016,1,Catamarca,150,6102,14653,4241,1334,420,1,0.0,26388
627,2016,1,Chaco,1940,8755,46304,19388,10587,1238,184,0.0,86650
628,2016,1,Chubut,940,5095,72396,1066,0,0,0,0.0,78651
629,2016,1,Córdoba,1480,59484,414452,65763,66455,4143,1039,0.0,611484
630,2016,1,Corrientes,290,1069,47833,18375,7911,5260,170,0.0,85534
631,2016,1,Entre Ríos,2864,17749,104137,35104,14057,4570,165,0.0,174533
632,2016,1,Formosa,1738,5731,14163,3229,2906,5440,5,0.0,28316
633,2016,1,Jujuy,2543,8558,22383,5188,1623,0,0,0.0,40295
634,2016,1,La Pampa,4260,11065,52117,150,780,710,11,0.0,63783
635,2016,1,La Rioja,100,3382,9060,298,1254,20,3,0.0,16691
636,2016,1,Mendoza,2350,210,175376,470,430,50,17,0.0,175744
637,2016,1,Misiones,9590,8502,50061,19195,13363,7790,68,0.0,92927
638,2016,1,Neuquén,172,1737,86310,4790,7893,1430,171,0.0,98453
639,2016,1,Río Negro,1171,6105,90038,2030,4246,770,81,0.0,101921
640,2016,1,Salta,1119,10765,65646,17748,6643,1190,31,0.0,102071
641,2016,1,San Juan,90,3090,56447,0,0,0,2,0.0,56767
642,2016,1,San Luis,80,40,13645,0,0,10,2,0.0,13660
643,2016,1,Santa Cruz,1680,290,32188,80,0,0,0,0.0,32393
644,2016,1,Santa Fe,6492,71565,353525,64117,51293,3754,1063,0.0,551809
645,2016,1,Santiago Del Estero,7030,7219,22805,5769,1898,0,0,0.0,38394
646,2016,1,Tierra Del Fuego,160,2850,33003,0,0,0,0,0.0,33304
647,2016,1,Tucumán,1060,20092,84008,3149,10046,8710,0,0.0,146613
648,2015,4,Buenos Aires,7985,100303,2253197,27456,240188,3835,8180,0.0,2888246
649,2015,4,Buenos Aires,2417,46568,916813,172029,198635,3087,10899,0.0,1350450
650,2015,4,Catamarca,150,6513,14484,4106,1313,390,1,0.0,26471
651,2015,4,Chaco,1940,9593,46771,18608,10092,1136,159,0.0,86553
652,2015,4,Chubut,6250,5774,71881,1680,0,0,0,0.0,78448
653,2015,4,Córdoba,1480,63746,427471,62989,67151,3336,1088,0.0,625929
654,2015,4,Corrientes,290,11248,48104,17877,7569,4560,150,0.0,85433
655,2015,4,Entre Ríos,2865,18883,104224,33989,13668,3990,163,0.0,174191
656,2015,4,Formosa,1791,6081,14279,2704,2713,5190,4,0.0,28091
657,2015,4,Jujuy,2551,8876,21867,5044,1587,0,0,0.0,39925
658,2015,4,La Pampa,5920,12951,48798,160,630,490,10,0.0,62479
659,2015,4,La Rioja,100,3638,9127,2937,1215,20,3,0.0,16932
660,2015,4,Mendoza,2410,230,174719,380,410,50,13,0.0,175080
661,2015,4,Misiones,9590,9169,51029,17281,1369,6750,52,0.0,92855
662,2015,4,Neuquén,1727,2061,89678,4550,7934,90,175,0.0,102039
663,2015,4,Río Negro,3282,4473,89062,2010,4024,50,75,0.0,101122
664,2015,4,Salta,1122,11387,65677,17139,6507,990,5,0.0,101936
665,2015,4,San Juan,90,3860,55761,0,0,0,2,0.0,56158
666,2015,4,San Luis,80,40,13473,0,0,10,2,0.0,13488
667,2015,4,Santa Cruz,1880,260,32338,30,0,0,0,0.0,32555
668,2015,4,Santa Fe,6659,7577,361264,60985,51258,3079,1189,0.0,560204
669,2015,4,Santiago Del Estero,7030,7836,23074,5669,1856,0,0,0.0,39138
670,2015,4,Tierra Del Fuego,160,2850,32662,0,0,0,0,0.0,32963
671,2015,4,Tucumán,1070,218,83887,29942,9507,8370,0,0.0,146080
672,2015,3,Buenos Aires,8361,107351,2266948,262564,200491,2642,7720,0.0,2856078
673,2015,3,Buenos Aires,2448,4934,942525,159618,175594,2028,10022,0.0,1341574
674,2015,3,Catamarca,150,6871,14206,4143,8120,430,1,0.0,26091
675,2015,3,Chaco,2400,10353,47131,19016,7498,9790,157,0.0,85374
676,2015,3,Chubut,6410,5886,71668,1670,0,0,0,0.0,78362
677,2015,3,Córdoba,1500,68765,429787,61109,59372,2582,1048,0.0,622813
678,2015,3,Corrientes,330,11921,48127,18168,6111,4530,146,0.0,84959
679,2015,3,Entre Ríos,2863,20385,103990,34788,9924,3840,153,0.0,172487
680,2015,3,Formosa,1862,6521,14354,2791,1842,3790,2,0.0,27751
681,2015,3,Jujuy,2549,9278,21588,5169,9660,0,0,0.0,39550
682,2015,3,La Pampa,6130,13087,47660,90,550,390,10,0.0,61473
683,2015,3,La Rioja,100,384,9102,2984,8320,0,3,0.0,16771
684,2015,3,Mendoza,2560,250,173430,450,180,50,13,0.0,173792
685,2015,3,Misiones,9580,9809,51234,17367,11654,5590,43,0.0,91624
686,2015,3,Neuquén,1733,2124,85044,2100,6599,20,155,0.0,95867
687,2015,3,Río Negro,3372,4457,88691,990,3826,10,62,0.0,100508
688,2015,3,Salta,1126,12223,65405,17451,4318,610,5,0.0,100589
689,2015,3,San Juan,90,3910,54963,0,0,0,2,0.0,55365
690,2015,3,San Luis,90,40,13286,0,0,10,2,0.0,13302
691,2015,3,Santa Cruz,1900,250,32266,20,0,0,0,0.0,32483
692,2015,3,Santa Fe,6767,80817,363177,59531,42021,232,1133,0.0,555766
693,2015,3,Santiago Del Estero,7030,8332,23158,5956,1249,0,0,0.0,39398
694,2015,3,Tierra Del Fuego,150,2850,36408,20,0,0,0,0.0,36710
695,2015,3,Tucumán,1070,23687,83654,29998,6232,6230,0,0.0,144301
696,2015,2,Buenos Aires,8714,137189,2299705,243503,159922,201,6712,0.0,2857754
697,2015,2,Buenos Aires,2493,51799,990112,148569,142976,1482,9258,0.0,1346690
698,2015,2,Catamarca,150,7253,14003,3776,5930,370,1,0.0,25678
699,2015,2,Chaco,2880,11058,47551,17675,6337,7880,149,0.0,83846
700,2015,2,Chubut,6560,6032,55791,1680,0,0,0,0.0,62647
701,2015,2,Córdoba,1560,72695,434717,54993,46415,1956,903,0.0,611835
702,2015,2,Corrientes,340,12542,48015,17184,5039,3790,126,0.0,83319
703,2015,2,Entre Ríos,2864,21986,104043,32293,7867,3540,136,0.0,169543
704,2015,2,Formosa,1881,6907,14247,2436,1324,2570,1,0.0,27053
705,2015,2,Jujuy,2479,9474,20248,4792,7300,0,0,0.0,37723
706,2015,2,La Pampa,5737,8182,46235,270,240,250,10,0.0,60240
707,2015,2,La Rioja,100,4082,9093,268,6410,0,3,0.0,16509
708,2015,2,Mendoza,2680,260,170451,420,160,50,13,0.0,170821
709,2015,2,Misiones,9580,1036,51671,15022,10072,4080,33,0.0,88524
710,2015,2,Neuquén,1755,2348,82727,2140,5168,20,110,0.0,92324
711,2015,2,Río Negro,3413,4525,87362,970,324,10,51,0.0,98689
712,2015,2,Salta,1123,1302,64737,16241,3114,290,5,0.0,98269
713,2015,2,San Juan,80,4100,51568,0,0,0,2,0.0,51988
714,2015,2,San Luis,90,40,13204,0,0,10,2,0.0,13220
715,2015,2,Santa Cruz,2100,250,25519,20,0,0,0,0.0,25756
716,2015,2,Santa Fe,6827,86016,364441,53205,33894,1856,1014,0.0,547253
717,2015,2,Santiago Del Estero,7030,8779,23456,5553,8880,0,0,0.0,39379
718,2015,2,Tierra Del Fuego,150,2850,36073,20,0,0,0,0.0,36375
719,2015,2,Tucumán,1070,25178,83462,26966,4502,4550,0,0.0,140670
720,2015,1,Buenos Aires,8882,123589,2267852,22007,126958,1561,5700,0.0,2754612
721,2015,1,Buenos Aires,2545,59084,1013510,134151,114569,1195,8401,0.0,1333455
722,2015,1,Catamarca,130,7634,13754,3202,5170,90,1,0.0,25130
723,2015,1,Chaco,260,12053,47425,15883,5346,4890,135,0.0,81357
724,2015,1,Chubut,6510,6176,57333,1020,0,0,0,0.0,64262
725,2015,1,Córdoba,1570,78427,432802,46574,37443,1615,815,0.0,597833
726,2015,1,Corrientes,360,13295,47842,15554,4424,2350,98,0.0,81484
727,2015,1,Entre Ríos,2867,23951,104168,28113,6926,2740,119,0.0,166418
728,2015,1,Formosa,1891,7336,14413,2024,8780,1570,1,0.0,26700
729,2015,1,Jujuy,2458,9754,19858,3939,6030,0,0,0.0,36612
730,2015,1,La Pampa,6059,8054,45038,260,100,130,10,0.0,59210
731,2015,1,La Rioja,110,4201,9379,2207,5330,0,3,0.0,16334
732,2015,1,Mendoza,2870,240,169763,380,160,60,11,0.0,170145
733,2015,1,Misiones,9580,11136,51906,12387,8543,1940,26,0.0,85150
734,2015,1,Neuquén,1895,2577,80787,1700,4067,20,76,0.0,89574
735,2015,1,Río Negro,3371,4913,86173,940,2632,20,42,0.0,97227
736,2015,1,Salta,1123,14151,64992,13955,2569,150,5,0.0,96810
737,2015,1,San Juan,80,4450,51346,0,0,0,2,0.0,51801
738,2015,1,San Luis,100,80,12720,0,10,0,2,0.0,12741
739,2015,1,Santa Cruz,2050,270,26048,20,0,0,0,0.0,26282
740,2015,1,Santa Fe,6883,93096,360964,4527,27597,1542,900,0.0,536252
741,2015,1,Santiago Del Estero,7010,9236,23136,4796,7480,0,0,0.0,38617
742,2015,1,Tierra Del Fuego,140,6090,36319,20,0,0,0,0.0,36944
743,2015,1,Tucumán,1070,27143,83895,23061,3722,3340,0,0.0,138262
744,2014,4,Buenos Aires,8226,132937,2250445,20362,104322,9970,5406,0.0,2705954
745,2014,4,Buenos Aires,2698,62896,1038269,123451,95772,8900,7997,0.0,1331972
746,2014,4,Catamarca,210,8047,14093,291,4210,0,1,0.0,25493
747,2014,4,Chaco,4830,12837,42106,7908,26,1240,2,0.0,66060
748,2014,4,Chubut,1858,6218,60392,700,0,0,0,0.0,68538
749,2014,4,Córdoba,1903,85362,427844,41947,30858,1177,782,0.0,589873
750,2014,4,Corrientes,400,1386,42182,7513,2106,0,9,0.0,65710
751,2014,4,Entre Ríos,2311,27801,88649,18318,3584,10,66,0.0,140730
752,2014,4,Formosa,1947,783,14058,1852,4730,470,1,0.0,26208
753,2014,4,Jujuy,188,10427,19740,3443,4650,0,0,0.0,35955
754,2014,4,La Pampa,6266,6879,36520,260,50,40,10,0.0,49710
755,2014,4,La Rioja,90,4333,9728,1943,3860,0,3,0.0,16402
756,2014,4,Mendoza,3030,190,169222,360,140,50,12,0.0,169611
757,2014,4,Misiones,5470,1184,53093,8731,2952,540,12,0.0,77229
758,2014,4,Neuquén,1731,2744,80938,1260,3621,20,66,0.0,89228
759,2014,4,Río Negro,364,4723,85094,940,2319,40,30,0.0,95904
760,2014,4,Salta,540,16214,63221,12552,1922,0,4,0.0,93967
761,2014,4,San Juan,110,4780,51628,0,0,0,2,0.0,52119
762,2014,4,San Luis,90,0,13135,0,0,10,2,0.0,13147
763,2014,4,Santa Cruz,1560,14,24145,10,10,0,0,0.0,25703
764,2014,4,Santa Fe,8707,99962,359293,36718,21098,8690,824,0.0,527471
765,2014,4,Santiago Del Estero,1246,8913,24181,4359,6020,0,0,0.0,39301
766,2014,4,Tierra Del Fuego,120,2830,31489,20,0,0,0,0.0,31786
767,2014,4,Tucumán,170,28746,85091,20631,2733,1960,0,0.0,137414
768,2014,3,Buenos Aires,7355,128187,2281524,156693,68947,2430,4232,0.0,2647181
769,2014,3,Buenos Aires,8400,78016,1060145,10217,70907,950,6626,0.0,1318799
770,2014,3,Catamarca,190,8845,13790,1915,1110,0,0,0.0,24680
771,2014,3,Chaco,3980,14731,41934,5428,1274,50,0,0.0,63770
772,2014,3,Chubut,2013,6281,60771,340,0,0,0,0.0,69099
773,2014,3,Córdoba,6600,98992,435692,28992,18888,840,664,0.0,583972
774,2014,3,Corrientes,210,15448,41717,5181,1172,0,0,0.0,63539
775,2014,3,Entre Ríos,1709,2971,91450,12569,131,0,48,0.0,136796
776,2014,3,Formosa,2001,8323,14202,1324,850,0,0,0.0,25935
777,2014,3,Jujuy,1270,10979,20216,2305,820,0,0,0.0,33709
778,2014,3,La Pampa,6458,6645,41009,240,50,40,10,0.0,54155
779,2014,3,La Rioja,100,4785,9720,1337,610,0,0,0.0,15913
780,2014,3,Mendoza,350,0,167763,310,120,130,1,0.0,167855
781,2014,3,Misiones,6400,13637,53510,5928,1606,0,1,0.0,75322
782,2014,3,Neuquén,1522,3099,80090,1070,2865,100,27,0.0,87720
783,2014,3,Río Negro,364,5189,86868,870,1944,80,9,0.0,97745
784,2014,3,Salta,7320,17481,66026,8314,3880,0,0,0.0,92941
785,2014,3,San Juan,80,4870,51276,0,0,0,0,0.0,51771
786,2014,3,San Luis,80,0,13029,0,0,30,0,0.0,13040
787,2014,3,Santa Cruz,1950,1624,24248,10,10,0,0,0.0,26069
788,2014,3,Santa Fe,823,112593,357615,23962,12124,380,806,0.0,515368
789,2014,3,Santiago Del Estero,7910,9914,23826,2867,1420,0,0,0.0,37540
790,2014,3,Tierra Del Fuego,120,3360,32348,20,0,0,0,0.0,32698
791,2014,3,Tucumán,60,32716,84668,14101,5590,40,0,0.0,132054
792,2014,2,Buenos Aires,6902,162274,2288772,140226,56549,2840,4309,0.0,2659316
793,2014,2,Buenos Aires,8470,81431,1078213,87359,56004,590,6427,0.0,1310340
794,2014,2,Catamarca,190,8844,13794,1915,1110,0,0,0.0,24683
795,2014,2,Chaco,4120,14854,41530,5418,1085,50,0,0.0,63304
796,2014,2,Chubut,2064,6582,61868,0,0,0,0,0.0,70514
797,2014,2,Córdoba,2105,101598,429536,28698,14824,760,627,0.0,577464
798,2014,2,Corrientes,200,15563,41219,5199,9560,0,0,0.0,62957
799,2014,2,Entre Ríos,2187,32781,86757,12564,1162,0,44,0.0,135495
800,2014,2,Formosa,2032,8218,13944,1321,850,0,0,0.0,25600
801,2014,2,Jujuy,1873,11233,18851,2305,820,0,0,0.0,34344
802,2014,2,La Pampa,7032,6761,34089,180,50,40,10,0.0,47919
803,2014,2,La Rioja,100,4785,9719,1337,610,0,0,0.0,15912
804,2014,2,Mendoza,350,60,166710,310,100,50,10,0.0,166807
805,2014,2,Misiones,5400,13644,53245,5924,1334,20,0,0.0,74689
806,2014,2,Neuquén,1531,3206,79087,920,2289,20,30,0.0,86237
807,2014,2,Río Negro,3468,5507,84978,780,1569,20,8,0.0,95610
808,2014,2,Salta,530,18818,64440,8293,3880,0,0,0.0,91992
809,2014,2,San Juan,100,5070,51129,0,0,0,0,0.0,51646
810,2014,2,San Luis,70,0,13045,0,0,10,2,0.0,13055
811,2014,2,Santa Cruz,1530,1637,25374,20,0,0,0,0.0,27166
812,2014,2,Santa Fe,8515,115197,353559,23939,10058,340,792,0.0,512094
813,2014,2,Santiago Del Estero,1231,9914,23842,2867,1420,0,0,0.0,37996
814,2014,2,Tierra Del Fuego,120,3340,31198,20,0,0,0,0.0,31546
815,2014,2,Tucumán,60,32714,84675,14101,5590,40,0,0.0,132059
816,2014,1,Buenos Aires,8469,171244,2279875,121787,38923,2060,4037,0.0,2624542
817,2014,1,Buenos Aires,8520,88826,1096050,70293,38798,550,6208,0.0,1301081
818,2014,1,Catamarca,190,9147,13330,1672,640,0,0,0.0,24232
819,2014,1,Chaco,4380,15849,40869,4644,7410,50,0,0.0,62546
820,2014,1,Chubut,7452,100,61329,0,0,0,0,0.0,68791
821,2014,1,Córdoba,2076,107705,423114,24112,9818,400,588,0.0,567453
822,2014,1,Corrientes,200,16357,40742,4486,6300,0,0,0.0,62235
823,2014,1,Entre Ríos,2177,35206,85248,10828,7460,0,43,0.0,134248
824,2014,1,Formosa,2062,8475,13685,1133,670,0,0,0.0,25422
825,2014,1,Jujuy,1832,11498,18415,2002,560,0,0,0.0,33803
826,2014,1,La Pampa,7434,6535,32501,170,50,40,10,0.0,46506
827,2014,1,La Rioja,100,5111,9390,1165,350,0,0,0.0,15711
828,2014,1,Mendoza,350,60,166655,190,100,60,9,0.0,166740
829,2014,1,Misiones,5450,1446,52852,5139,9580,0,0,0.0,73954
830,2014,1,Neuquén,4133,9870,77148,840,1582,20,22,0.0,83958
831,2014,1,Río Negro,467,4618,84304,730,1062,10,8,0.0,94736
832,2014,1,Salta,530,19677,64061,7192,3140,0,0,0.0,91297
833,2014,1,San Juan,5310,20,51056,0,0,0,0,0.0,51589
834,2014,1,San Luis,70,30,12544,0,10,0,2,0.0,12557
835,2014,1,Santa Cruz,1610,1625,24972,10,10,0,0,0.0,26760
836,2014,1,Santa Fe,8456,124468,345225,20328,6845,230,668,0.0,506013
837,2014,1,Santiago Del Estero,1234,10531,22817,2422,1090,0,0,0.0,37113
838,2014,1,Tierra Del Fuego,120,6070,30902,60,0,0,0,0.0,31527
839,2014,1,Tucumán,60,34672,83210,11779,3620,30,0,0.0,130032
